{"cameraMode":{"drawMode":0,"name":"Shaded","section":"Shading Mode"},"sceneLighting":true,"audioPlay":false,"sceneViewState":{"showFog":true,"showMaterialUpdate":false,"showSkybox":true,"showFlares":true,"showImageEffects":true,"showParticleSystems":true},"in2DMode":false,"pivot":{"x":594.8843383789063,"y":131.0010223388672,"z":6.822412490844727},"rotation":{"x":-0.15514910221099854,"y":0.688694953918457,"z":-0.15459084510803224,"w":-0.6911805868148804},"size":124.23377227783203,"orthographic":false}